corner,scorer,before,random moves,suggested,drop_suggested,drop_random
4,gnn_hard (optimised),0.9270634651184082,0.9195030927658081,0.834868311882019,0.09219515323638916,0.007560372352600098
4,gnn_hybrid (independent),0.8554338812828064,0.9072117805480957,0.8528324961662292,0.0026013851165771484,-0.05177789926528931
4,lgbm_hard (independent),0.6859873601817004,0.6896628509848466,0.6469043665488837,0.03908299363281664,-0.0036754908031462197
8,gnn_hard (optimised),0.7369973659515381,0.7214200496673584,0.5145009756088257,0.2224963903427124,0.015577316284179688
8,gnn_hybrid (independent),0.6083260178565979,0.6421489715576172,0.3899763524532318,0.2183496654033661,-0.03382295370101929
8,lgbm_hard (independent),0.8332538806161603,0.8173158075076085,0.79067104716934,0.042582833446820345,0.015938073108551887
19,gnn_hard (optimised),0.7925779819488525,0.8728092908859253,0.5755088925361633,0.2170690894126892,-0.08023130893707275
19,gnn_hybrid (independent),0.8905586004257202,0.9644138216972351,0.4743330478668213,0.4162255525588989,-0.07385522127151489
19,lgbm_hard (independent),0.5516524888307219,0.5105757939088216,0.46885343355401715,0.08279905527670478,0.04107669492190036
25,gnn_hard (optimised),0.77388596534729,0.725750744342804,0.6065893769264221,0.16729658842086792,0.048135221004486084
25,gnn_hybrid (independent),0.7340813279151917,0.7327136397361755,0.5760862827301025,0.1579950451850891,0.0013676881790161133
25,lgbm_hard (independent),0.562781285362787,0.548920655781895,0.40842983760036844,0.1543514477624186,0.01386062958089207
30,gnn_hard (optimised),0.8926018476486206,0.8497235178947449,0.7169959545135498,0.1756058931350708,0.04287832975387573
30,gnn_hybrid (independent),0.9405127167701721,0.8237810730934143,0.6994122862815857,0.24110043048858643,0.11673164367675781
30,lgbm_hard (independent),0.6132522391337217,0.6295337511732445,0.6354699809483776,-0.022217741814655856,-0.016281512039522772
68,gnn_hard (optimised),0.6721494793891907,0.6664565801620483,0.50139319896698,0.1707562804222107,0.005692899227142334
68,gnn_hybrid (independent),0.5232776403427124,0.4732329547405243,0.3417157232761383,0.1815619170665741,0.05004468560218811
68,lgbm_hard (independent),0.6516780707416217,0.6762500266297562,0.643445188422838,0.008232882318783608,-0.024571955888134545
82,gnn_hard (optimised),0.865112841129303,0.8618292212486267,0.7436426877975464,0.12147015333175659,0.0032836198806762695
82,gnn_hybrid (independent),0.8176822662353516,0.878829300403595,0.6681697368621826,0.14951252937316895,-0.06114703416824341
82,lgbm_hard (independent),0.6857361002683164,0.6454399874406727,0.652223140217863,0.033512960050453455,0.04029611282764378
91,gnn_hard (optimised),0.82173752784729,0.7443227767944336,0.6400373578071594,0.18170017004013062,0.07741475105285645
91,gnn_hybrid (independent),0.7008163928985596,0.6775626540184021,0.538460373878479,0.16235601902008057,0.02325373888015747
91,lgbm_hard (independent),0.7240643858167979,0.6683543315923502,0.6842414621159114,0.03982292370088647,0.055710054224447636
93,gnn_hard (optimised),0.8306678533554077,0.8730193972587585,0.5755226612091064,0.25514519214630127,-0.04235154390335083
93,gnn_hybrid (independent),0.7336441874504089,0.779438853263855,0.5397292971611023,0.19391489028930664,-0.045794665813446045
93,lgbm_hard (independent),0.7861041101380006,0.8115465023982605,0.6974826500021053,0.08862146013589534,-0.025442392260259905
96,gnn_hard (optimised),0.7934426665306091,0.599256157875061,0.5348565578460693,0.2585861086845398,0.1941865086555481
96,gnn_hybrid (independent),0.6858373284339905,0.37725335359573364,0.41902273893356323,0.26681458950042725,0.30858397483825684
96,lgbm_hard (independent),0.6215840564659889,0.6129803190994572,0.5279181413315189,0.09366591513446998,0.00860373736653175
97,gnn_hard (optimised),0.8787505626678467,0.883713960647583,0.7045893669128418,0.17416119575500488,-0.004963397979736328
97,gnn_hybrid (independent),0.8074838519096375,0.9069138169288635,0.5406307578086853,0.26685309410095215,-0.09942996501922607
97,lgbm_hard (independent),0.5372818736872045,0.5178252730102559,0.5385513374856303,-0.0012694637984258517,0.019456600676948543
98,gnn_hard (optimised),0.7489661574363708,0.8080524802207947,0.47538214921951294,0.2735840082168579,-0.05908632278442383
98,gnn_hybrid (independent),0.5861544609069824,0.6060408353805542,0.35880836844444275,0.22734609246253967,-0.019886374473571777
98,lgbm_hard (independent),0.5627896207776927,0.5677140875204663,0.36695948380486976,0.19583013697282292,-0.004924466742773581
101,gnn_hard (optimised),0.8425999879837036,0.8876062631607056,0.6598291397094727,0.18277084827423096,-0.04500627517700195
101,gnn_hybrid (independent),0.8174368143081665,0.8503249883651733,0.4826872944831848,0.3347495198249817,-0.032888174057006836
101,lgbm_hard (independent),0.8859538426235045,0.8709774813905528,0.8092675416931864,0.07668630093031814,0.014976361232951763
102,gnn_hard (optimised),0.7270829081535339,0.7372506856918335,0.4998379051685333,0.2272450029850006,-0.01016777753829956
102,gnn_hybrid (independent),0.5264595746994019,0.633906364440918,0.4685114026069641,0.057948172092437744,-0.10744678974151611
102,lgbm_hard (independent),0.5818110034726215,0.5799788573143443,0.37068567970286875,0.21112532376975274,0.0018321461582772036
107,gnn_hard (optimised),0.827743649482727,0.8036535382270813,0.5682775974273682,0.2594660520553589,0.024090111255645752
107,gnn_hybrid (independent),0.9065080881118774,0.9057177901268005,0.6605270504951477,0.24598103761672974,0.0007902979850769043
107,lgbm_hard (independent),0.5119970481029453,0.4477613928705645,0.4013040315299922,0.1106930165729531,0.06423565523238084
109,gnn_hard (optimised),0.7008154392242432,0.7035203576087952,0.4815855026245117,0.21922993659973145,-0.002704918384552002
109,gnn_hybrid (independent),0.5863146781921387,0.6330535411834717,0.38526034355163574,0.20105433464050293,-0.04673886299133301
109,lgbm_hard (independent),0.525995758390794,0.5221278146987631,0.4708374517896749,0.055158306601119145,0.0038679436920309174
111,gnn_hard (optimised),0.931076169013977,0.9660626649856567,0.8084439635276794,0.12263220548629761,-0.03498649597167969
111,gnn_hybrid (independent),0.9804893732070923,0.9878203272819519,0.9117933511734009,0.0686960220336914,-0.007330954074859619
111,lgbm_hard (independent),0.9336796255318371,0.938237969827689,0.9382760048504001,-0.004596379318562938,-0.0045583442958518905
114,gnn_hard (optimised),0.7855087518692017,0.8281983137130737,0.5905998945236206,0.19490885734558105,-0.04268956184387207
114,gnn_hybrid (independent),0.9561477303504944,0.9547452330589294,0.7629164457321167,0.19323128461837769,0.0014024972915649414
114,lgbm_hard (independent),0.5356928307904036,0.5573564098037103,0.372248606787012,0.16344422400339165,-0.021663579013306622
115,gnn_hard (optimised),0.8459105491638184,0.815784215927124,0.7337131500244141,0.1121973991394043,0.030126333236694336
115,gnn_hybrid (independent),0.7744771242141724,0.7482542991638184,0.6958466172218323,0.07863050699234009,0.026222825050354004
115,lgbm_hard (independent),0.6488186131258475,0.6548506595998618,0.6259342954168967,0.02288431770895083,-0.00603204647401423
124,gnn_hard (optimised),0.931368887424469,0.9438934922218323,0.8613682389259338,0.07000064849853516,-0.012524604797363281
124,gnn_hybrid (independent),0.9586775302886963,0.9739704132080078,0.9126814007759094,0.045996129512786865,-0.015292882919311523
124,lgbm_hard (independent),0.6296086280920692,0.7096265792527231,0.6485280450788168,-0.018919416986747595,-0.08001795116065391
129,gnn_hard (optimised),0.727672815322876,0.7856023907661438,0.47179755568504333,0.25587525963783264,-0.05792957544326782
129,gnn_hybrid (independent),0.5887652635574341,0.6244017481803894,0.40146565437316895,0.18729960918426514,-0.03563648462295532
129,lgbm_hard (independent),0.4238432084313203,0.46467407141279876,0.2838844117613667,0.1399587966699536,-0.04083086298147848
130,gnn_hard (optimised),0.6917109489440918,0.8496106863021851,0.4842243492603302,0.2074865996837616,-0.15789973735809326
130,gnn_hybrid (independent),0.5142393112182617,0.7186925411224365,0.3882867097854614,0.1259526014328003,-0.2044532299041748
130,lgbm_hard (independent),0.3774402853040323,0.44336969209077925,0.3234790674418364,0.053961217862195876,-0.06592940678674697
141,gnn_hard (optimised),0.6818509697914124,0.5593315958976746,0.3031526207923889,0.37869834899902344,0.12251937389373779
141,gnn_hybrid (independent),0.5747092962265015,0.43147942423820496,0.32643988728523254,0.24826940894126892,0.1432298719882965
141,lgbm_hard (independent),0.6492856104305712,0.6445315939625227,0.5085700749355235,0.14071553549504767,0.004754016468048516
155,gnn_hard (optimised),0.7043702602386475,0.6893963813781738,0.5831885933876038,0.1211816668510437,0.014973878860473633
155,gnn_hybrid (independent),0.6080555319786072,0.6107317209243774,0.5447107553482056,0.06334477663040161,-0.0026761889457702637
155,lgbm_hard (independent),0.6467881289001347,0.5736771747310921,0.5913350602330852,0.055453068667049465,0.07311095416904256
163,gnn_hard (optimised),0.8201286196708679,0.76312655210495,0.6716353893280029,0.148493230342865,0.05700206756591797
163,gnn_hybrid (independent),0.8084796071052551,0.6932762265205383,0.6167975068092346,0.1916821002960205,0.1152033805847168
163,lgbm_hard (independent),0.5362880351659827,0.5051386593896978,0.47185276770888196,0.06443526745710071,0.03114937577628485
181,gnn_hard (optimised),0.6746189594268799,0.6636335849761963,0.5273356437683105,0.14728331565856934,0.010985374450683594
181,gnn_hybrid (independent),0.6390280723571777,0.659757673740387,0.5428106784820557,0.09621739387512207,-0.02072960138320923
181,lgbm_hard (independent),0.3505934224625782,0.31702033734316437,0.24305651411169388,0.10753690835088431,0.033573085119413815
182,gnn_hard (optimised),0.7769712209701538,0.7984368205070496,0.4947013556957245,0.2822698652744293,-0.021465599536895752
182,gnn_hybrid (independent),0.8265829682350159,0.8689602613449097,0.4548206627368927,0.37176230549812317,-0.0423772931098938
182,lgbm_hard (independent),0.3129332945734264,0.31113386169180646,0.23499552981945743,0.07793776475396896,0.0017994328816199334
185,gnn_hard (optimised),0.8705404996871948,0.876741886138916,0.7220808267593384,0.14845967292785645,-0.006201386451721191
185,gnn_hybrid (independent),0.7765503525733948,0.8485256433486938,0.545173704624176,0.23137664794921875,-0.07197529077529907
185,lgbm_hard (independent),0.7621871134427365,0.7433648245382393,0.6569124253896151,0.10527468805312135,0.01882228890449722
195,gnn_hard (optimised),0.9428646564483643,0.9374514222145081,0.8992888927459717,0.04357576370239258,0.005413234233856201
195,gnn_hybrid (independent),0.9661469459533691,0.9319693446159363,0.953102707862854,0.013044238090515137,0.03417760133743286
195,lgbm_hard (independent),0.918564272732914,0.9270646112857002,0.92918365568523,-0.010619382952316014,-0.008500338552786202
222,gnn_hard (optimised),0.9032890200614929,0.8666657209396362,0.7747779488563538,0.12851107120513916,0.03662329912185669
222,gnn_hybrid (independent),0.8426222801208496,0.7192746996879578,0.6123107075691223,0.2303115725517273,0.12334758043289185
222,lgbm_hard (independent),0.8592389199229692,0.868876560778684,0.8180145571561257,0.04122436276684349,-0.009637640855714835
225,gnn_hard (optimised),0.7288762331008911,0.7198387384414673,0.4499383568763733,0.2789378762245178,0.009037494659423828
225,gnn_hybrid (independent),0.6042039394378662,0.5565184354782104,0.4121745824813843,0.19202935695648193,0.04768550395965576
225,lgbm_hard (independent),0.46062787055339316,0.44416858210228244,0.25561075486905743,0.20501711568433573,0.01645928845111072
232,gnn_hard (optimised),0.7114635705947876,0.7677246928215027,0.5206878781318665,0.19077569246292114,-0.05626112222671509
232,gnn_hybrid (independent),0.7179564237594604,0.6159519553184509,0.4694262146949768,0.24853020906448364,0.10200446844100952
232,lgbm_hard (independent),0.6264244984887538,0.668089856574797,0.5488029989969442,0.07762149949180963,-0.041665358086043214
234,gnn_hard (optimised),0.8296639323234558,0.8400261998176575,0.7409118413925171,0.08875209093093872,-0.01036226749420166
234,gnn_hybrid (independent),0.820436418056488,0.9208676815032959,0.6999149322509766,0.12052148580551147,-0.10043126344680786
234,lgbm_hard (independent),0.6224936479603838,0.6577232139667275,0.5884616560876095,0.03403199187277428,-0.03522956600634375
235,gnn_hard (optimised),0.7392405271530151,0.7901405096054077,0.3358226418495178,0.4034178853034973,-0.05089998245239258
235,gnn_hybrid (independent),0.9425499439239502,0.9499921798706055,0.3665037453174591,0.5760461986064911,-0.0074422359466552734
235,lgbm_hard (independent),0.49680812754601583,0.47572113126857823,0.3752351162942208,0.12157301125179504,0.021086996277437597
238,gnn_hard (optimised),0.6841437220573425,0.6128491163253784,0.45205360651016235,0.23209011554718018,0.07129460573196411
238,gnn_hybrid (independent),0.5602855086326599,0.49218782782554626,0.4103527367115021,0.14993277192115784,0.06809768080711365
238,lgbm_hard (independent),0.6895747244317687,0.6487677520427632,0.6437092239038813,0.045865500527887404,0.04080697238900555
242,gnn_hard (optimised),0.7022751569747925,0.7112404704093933,0.4902021288871765,0.21207302808761597,-0.00896531343460083
242,gnn_hybrid (independent),0.47331494092941284,0.5125837922096252,0.3490608334541321,0.12425410747528076,-0.0392688512802124
242,lgbm_hard (independent),0.4804179952324169,0.49157027738899395,0.4422572693014443,0.03816072593097258,-0.011152282156577042
254,gnn_hard (optimised),0.726929247379303,0.7531712055206299,0.543918251991272,0.183010995388031,-0.026241958141326904
254,gnn_hybrid (independent),0.46447187662124634,0.48765474557876587,0.47407054901123047,-0.00959867238998413,-0.02318286895751953
254,lgbm_hard (independent),0.5380806977890289,0.6615850370987585,0.608687104371128,-0.07060640658209916,-0.1235043393097296
258,gnn_hard (optimised),0.6890180110931396,0.6143068075180054,0.5446224212646484,0.1443955898284912,0.07471120357513428
258,gnn_hybrid (independent),0.6852362751960754,0.6612892746925354,0.6169684529304504,0.068267822265625,0.02394700050354004
258,lgbm_hard (independent),0.6077922547038369,0.48613371982816594,0.4881548713086585,0.11963738339517843,0.12165853487567097
259,gnn_hard (optimised),0.7014619708061218,0.6286928057670593,0.545428454875946,0.15603351593017578,0.0727691650390625
259,gnn_hybrid (independent),0.6212397217750549,0.6707950234413147,0.6620011329650879,-0.04076141119003296,-0.049555301666259766
259,lgbm_hard (independent),0.5476118064727054,0.38482088049040336,0.48063907830524993,0.06697272816745542,0.162790925982302
266,gnn_hard (optimised),0.6752688884735107,0.6168944835662842,0.45174792408943176,0.22352096438407898,0.05837440490722656
266,gnn_hybrid (independent),0.5683857798576355,0.5136823654174805,0.5355350375175476,0.03285074234008789,0.05470341444015503
266,lgbm_hard (independent),0.6787219716754012,0.6704235449033837,0.6774446660132499,0.001277305662151229,0.00829842677201742
